codigo,codigo_qr,tipo_equipo_id,descripcion,ubicacion,sector_id,marca,modelo,numero_serie,fecha_instalacion,estado,numero_orden_compra,grupo_id,plantilla_mp_id,ultima_fecha_mp,proxima_fecha_mp,en_prestamo_temporal,sector_original_id,ubicacion_original,grupo_original_id,created_at,es_equipo_medico
B-ANES-MAAN-034,,MAAN,MAQUINA DE ANESTESIA,E01-1SS-IMAG-RMG,ANES,DRAGER,FABIUS MRI,ASDK-0135,2012-10-30,ACTIVO,,G1,8e425359-661b-4329-be8d-05fc93a78cb3,2024-10-30,2025-10-30,false,,,,2026-08-17 23:31:20.968053,true
B-ANES-MAAN-036,,MAAN,MAQUINA DE ANESTESIA,E01-P05-QUIR,QUIR,DRAGER,PRIMUS,ASFB-0238,2014-05-23,ACTIVO,,G1,8e425359-661b-4329-be8d-05fc93a78cb3,2025-05-23,2026-05-23,false,,,,2026-08-17 23:31:20.968053,true
B-CARD-TEAM-033,,TEAM,TENSIOMETRO ANALOGICO DE PIE,E03-P01-CARD,CARDIO,WELCH ALLYN,JEWEL MOVEMENT,110928110305,2019-08-09,ACTIVO,,G5,3498b69a-4453-4970-aa8c-1dd5d9aa6847,2024-08-09,2025-08-09,false,,,,2026-08-17 23:31:20.968053,true
B-CIRU-CAMA-022,,CAMA,UNIDAD DE CAMARA VIDEOLAPAROSCOPICA,E04-P01-GINE-PQG,OPGIN,KARL STORZ,TC 300,YV724249-P,2015-01-16,ACTIVO,,G1,ca2ebd87-b73f-44f3-a218-e4380bb947b4,2025-01-16,2026-01-16,false,,,,2026-08-17 23:31:20.968053,true
B-CIRU-ELEC-007,,ELEC,ELECTROBISTURI,E04-P01-GINE-PQG,OPGIN,VALLEYLAB,FORCE FX,F4H33147A,2006-09-05,ACTIVO,,G1,5b2a74bb-c194-438d-86ca-d68fd56d5ba0,2024-09-05,2025-09-05,false,,,,2026-08-17 23:31:20.968053,true
B-CIRU-ELEC-013,,ELEC,ELECTROBISTURI,E01-P05-QUIR,QUIR,VALLEYLAB,FORCE FX,F6C45961A,2007-02-23,ACTIVO,,G1,5b2a74bb-c194-438d-86ca-d68fd56d5ba0,2025-02-23,2026-02-23,false,,,,2026-08-17 23:31:20.968053,true
B-CIRU-LACA-001,,LACA,LAVADORA DE CATETERES,E02-1SS-HMDN,HEMOD,MEDISAFE,SONIC IRRIGATOR SA,2305011,2013-09-03,ACTIVO,,G3,03be42d8-f9b8-4b5d-9371-9074f49ba3f9,2024-09-03,2025-09-03,false,,,,2026-08-17 23:31:20.968053,true
B-CIRU-MICR-009,,MICR,MICROSCOPIO QUIRURGICO,E01-P05-QUIR,QUIR,CARL ZEISS,UNIVERSAL S3,267024,2008-01-30,ACTIVO,,G4,b163a0e5-b7e4-477c-bec1-0528d687cc3c,2024-01-30,2025-01-30,false,,,,2026-08-17 23:31:20.968053,true
B-COMO-INYE-004,,INYE,INYECTORA DE CONTRASTE,E01-1SS-IMAG-RMG,RMN,COVIDIEN,OPISTAR ELITE PEDESTAL,CI0211D003,2013-02-25,ACTIVO,,G3,a3b0750d-a018-459f-be18-b62917236204,2025-02-25,2026-02-25,false,,,,2026-08-17 23:31:20.968053,true
B-COMO-INYE-006,,INYE,INYECTORA DE CONTRASTE,E02-1SS-HMDN,HEMOD,ANGIOMAT,ILLUMENA CONTRAST,CI0212C034,2013-07-02,ACTIVO,,G3,a3b0750d-a018-459f-be18-b62917236204,2025-07-02,2026-07-02,false,,,,2026-08-17 23:31:20.968053,true
B-CONS-CAMA-019,,CAMA,UNIDAD DE CAMARA,E03-PTB-UROL,URO,GIMMI,ALPHANOVOCAM HD,937920,2014-04-29,ACTIVO,,G1,ca2ebd87-b73f-44f3-a218-e4380bb947b4,2024-04-29,2025-04-29,false,,,,2026-08-17 23:31:20.968053,true
B-DIAG-ECOG-020,,ECOG,ECOGRAFO,E04-P01-GINE,OPGIN,PHILIPS,HD11 XE,US80976238,2009-09-17,ACTIVO,,G3,897b2a83-af29-4c2e-8f1b-830acee20d98,2024-09-17,2025-09-17,false,,,,2026-08-17 23:31:20.968053,true
B-DIAG-ECOG-024,,ECOG,ECOGRAFO,E03-P01-CARD-ECP,CARDIO,PHILIPS,IE33 MATRIX,BO3XZC,2011-06-24,ACTIVO,,G3,897b2a83-af29-4c2e-8f1b-830acee20d98,2024-06-24,2025-06-24,false,,,,2026-08-17 23:31:20.968053,true
B-INTR-DESF-069,,DESF,CARDIODESFIBRILADOR,E03-P01-HPDQ,PAB11,PHILIPS,EFFICIA DFM100,CN32617353,2018-08-07,ACTIVO,,G5,f0f6c0e9-0492-40a5-875e-d40ff5dc9411,2024-08-07,2025-08-07,false,,,,2026-08-17 23:31:20.968053,true
B-INTR-SATD-001,,SATD,OXIMETRO DE DEDO,E05-P01-DIME-OBG,ENF,CONTEC,50D,J1133J4894,2011-11-21,ACTIVO,,G5,1f2b5ec5-3bcd-4239-b4c4-d63373007878,2024-11-21,2026-11-21,false,,,,2026-08-17 23:31:20.968053,true
B-INTR-SATD-002,,SATD,OXIMETRO DE DEDO,E05-P01-DIME-OBG,ENF,CONTEC,50D,J1133J1015,2011-11-21,ACTIVO,,G5,1f2b5ec5-3bcd-4239-b4c4-d63373007878,2024-11-21,2026-11-21,false,,,,2026-08-17 23:31:20.968053,true
B-LABO-AGIT-002,,AGIT,AGITADOR DE PLAQUETAS REFRIGERADO,E03-PTB-HEMO,HEMOT,PRESVAC,AP48 LT,7150,2013-01-04,ACTIVO,,G4,fa1560da-07de-459c-90e7-1dff109369bb,2024-01-04,2025-01-04,false,,,,2026-08-17 23:31:20.968053,true
B-LABO-AGIT-006,,AGIT,AGITADOR DE PLAQUETAS,E03-PTB-HEMO,HEMOT,PRESVAC,AE-500 A,6124,2008-05-22,ACTIVO,,G4,fa1560da-07de-459c-90e7-1dff109369bb,2024-05-22,2025-05-22,false,,,,2026-08-17 23:31:20.968053,true
B-LABO-CASB-002,,CASB,CABINA DE FLUJO LAMINAR,E03-P01-LABO-CIN-CPH,HEMOT,BAKER COMPANY,EDGEGARD,68300,2015-03-18,ACTIVO,,G4,8a3d8c6a-0b88-4ae5-b1ab-c976d9dd3667,2024-03-18,2025-03-18,false,,,,2026-08-17 23:31:20.968053,true
B-LABO-CASB-003,,CASB,CABINA DE SEGURIDAD BIOLOGICA,E10-PTB-FARM-LAB,FARM,ESCO,CYT-4AI,2010-45804,2010-01-01,ACTIVO,,G4,8a3d8c6a-0b88-4ae5-b1ab-c976d9dd3667,2024-01-01,2025-01-01,false,,,,2026-08-17 23:31:20.968053,true
B-LABO-CENT-001,,CENT,CITOCENTRIFUGA,E02-P06-DIAG-ANP-CIT,CITO,ROLCO,CITOROLCO,99367,2006-08-02,ACTIVO,,G4,acd6c49a-1af0-4cfc-bcd0-0064da2db8b5,2024-08-02,2025-08-02,false,,,,2026-08-17 23:31:20.968053,true
B-LABO-CENT-014,,CENT,CENTRIFUGA,E03-PTB-HEMA-CIR-LHE,HEMOS,PRESVAC,DCA-300RVT,0101046,2010-06-24,ACTIVO,,G4,acd6c49a-1af0-4cfc-bcd0-0064da2db8b5,2024-06-24,2025-06-24,false,,,,2026-08-17 23:31:20.968053,true
B-LABO-MICR-002,,MICR,MICROSCOPIO,E02-P06-DIAG-ANP-CIT,CITO,ZEISS,AXIOSKOP,451487,2006-08-02,ACTIVO,,G4,b163a0e5-b7e4-477c-bec1-0528d687cc3c,2024-08-02,2025-08-02,false,,,,2026-08-17 23:31:20.968053,true
B-LABO-MPIP-004,,MPIP,MICROPIPETA,E03-PTB-HEMO,HEMOT,SOCOREX,ACURA 811,10092105,2014-01-01,ACTIVO,,G4,62b4b9a4-97c6-4ba4-bbc0-8acf243ff9a9,2024-01-01,2025-01-01,false,,,,2026-08-17 23:31:20.968053,true
B-LABO-MPIP-006,,MPIP,MICROPIPETA,E03-PTB-HEMO,HEMOT,RAININ,EDP3,K0912678E,2014-01-01,ACTIVO,,G4,62b4b9a4-97c6-4ba4-bbc0-8acf243ff9a9,2024-01-01,2025-01-01,false,,,,2026-08-17 23:31:20.968053,true
B-TERA-BOMJ-120,,BOMJ,BOMBA DE INFUSION A JERINGA,E04-P02-PEDI-INT-NEO,UTIP,CARE FUSION,ASENA CC,135027557,2011-04-14,ACTIVO,,G2,c868aecb-edd0-4d11-972b-77e4c2a4aaef,2024-04-14,2026-04-14,false,,,,2026-08-17 23:31:20.968053,true
B-TERA-BOMJ-121,,BOMJ,BOMBA DE INFUSION A JERINGA,E04-P02-PEDI-INT-NEO,UTIP,CARE FUSION,ASENA CC,135027562,2011-04-14,ACTIVO,,G2,c868aecb-edd0-4d11-972b-77e4c2a4aaef,2024-04-14,2026-04-14,false,,,,2026-08-17 23:31:20.968053,true
B-TERA-DESF-067,,DESF,CARDIODESFIBRILADOR,E10-1SS-UNCC-UCO,UCO,PHILIPS,MRX M3535A,US00580288,2015-02-27,ACTIVO,,G5,f0f6c0e9-0492-40a5-875e-d40ff5dc9411,2025-02-27,2026-02-27,false,,,,2026-08-17 23:31:20.968053,true
B-TERA-INCU-003,,INCU,INCUBADORA,E04-P02-PEDI-INT-NSY,NURSE,MEDIX,TR-306,819-05,2006-07-06,ACTIVO,,G2,50d8c00c-bc6c-4063-a879-2e2c689b53af,2024-07-06,2025-07-06,false,,,,2026-08-17 23:31:20.968053,true
B-TERA-INCU-006,,INCU,INCUBADORA,E04-P02-PEDI-INT-NEO,NEO,MEDIX,NATAL CARE ST LX,773,2007-05-08,ACTIVO,,G2,50d8c00c-bc6c-4063-a879-2e2c689b53af,2024-05-08,2025-05-08,false,,,,2026-08-17 23:31:20.968053,true
B-TERA-MOMU-002,,MOMU,MONITOR MULTIPARAMETRICO,E10-1SS-UNCC-UTI,UTI,PHILIPS,MP40,DE71410515,2007-05-08,ACTIVO,,G2,0f41cbea-a285-460a-a8b7-3fe317a32fda,2024-05-08,2025-05-08,false,,,,2026-08-17 23:31:20.968053,true
B-TERA-MOMU-006,,MOMU,MONITOR MULTIPARAMETRICO,E10-1SS-UNCC-UTI,UTI,PHILIPS,MP40,DE82014663,2007-05-08,ACTIVO,,G2,0f41cbea-a285-460a-a8b7-3fe317a32fda,2024-05-08,2025-05-08,false,,,,2026-08-17 23:31:20.968053,true
B-TERA-RESP-033,,RESP,RESPIRADOR,E03-1SS-CTEM,EMER,MAQUET,SERVO 300,10975,2009-04-29,ACTIVO,,G2,2779cb0a-db18-455d-9931-faeade9b61a1,2024-04-29,2025-04-29,false,,,,2026-08-17 23:31:20.968053,true
B-TERA-RESP-046,,RESP,RESPIRADOR,E10-1SS-UNCC-UTI,UTI,MAQUET,SERVO I,29460,2007-05-08,ACTIVO,,G2,2779cb0a-db18-455d-9931-faeade9b61a1,2024-05-08,2025-05-08,false,,,,2026-08-17 23:31:20.968053,true
B-TERA-TEAM-035,,TEAM,TENSIOMETRO ANEROIDE MANUAL DE PIE,E10-P02-HDON,ONCO,WELCH ALLYN,767,120619004118,2017-04-17,ACTIVO,,G5,3498b69a-4453-4970-aa8c-1dd5d9aa6847,2024-04-17,2025-04-17,false,,,,2026-08-17 23:31:20.968053,true